Origin,Percentile_Delay
9,0.5925088082783364
10,0.4942790430983304
11,0.3667691670216221
12,0.443286077443663
